301,37.575794,126.971451,16
302,37.575947,126.974060,12
303,37.571770,126.974663,8
304,37.572113,126.977577,7
305,37.572582,126.978355,16
306,37.570808,126.976433,19
307,37.570000,126.971100,11
308,37.569969,126.973938,20
309,37.569889,126.976456,13
314,37.579708,126.980858,10
316,37.570396,126.981789,12
326,37.576241,126.986160,19
327,37.573357,126.987465,10
328,37.570396,126.988190,11
329,37.568344,126.987892,8
334,37.570599,126.991791,10
335,37.570198,126.991257,10
337,37.578979,126.996475,5
338,37.570957,126.997124,18
339,37.571068,126.998192,10
340,37.585629,127.000679,8
341,37.581570,127.001785,10
342,37.579784,127.002533,15
343,37.575432,127.004982,6
344,37.574036,127.006721,10
345,37.573307,127.000710,15
348,37.572029,126.960785,14
349,37.576332,126.968590,7
351,37.585079,126.970619,8
352,37.583416,126.985237,15
353,37.579388,126.984947,8
354,37.579155,126.988960,10
355,37.576508,127.002457,15
356,37.577145,127.002060,15
358,37.582500,126.998535,13
359,37.576061,126.997681,8
361,37.573242,127.015907,10
362,37.572224,127.022705,10
363,37.575760,127.022835,10
364,37.579334,127.015083,8
367,37.573849,126.958694,8
368,37.569248,126.980537,12
369,37.575493,126.978500,20
385,37.569836,126.982658,10
388,37.585735,127.001610,10
393,37.570141,127.009377,10
394,37.567490,126.965919,15
395,37.568855,126.964561,8
397,37.570480,126.996635,13
446,37.600128,126.957832,10
447,37.603992,126.961945,6
449,37.608719,126.972862,10
450,37.583603,126.972549,20
451,37.583515,126.979668,13
452,37.571239,127.004410,13
453,37.571140,127.000671,10
454,37.570358,126.986382,13
455,37.570961,127.006058,8
456,37.574471,127.019829,10
457,37.571320,127.007210,10
458,37.569939,126.977539,21
461,37.574364,126.972366,10
462,37.603512,126.962067,15
464,37.584190,126.981697,10
465,37.587605,126.983597,5
486,0,0,5
3401,37.573761,127.013939,10
3402,37.576607,127.005570,10
3403,37.569508,126.967011,10
3404,37.571854,127.002358,15
3405,37.574551,126.970551,12
3406,37.574059,126.975800,20
3407,37.575806,126.983391,15
3408,37.570511,126.983368,13
3410,37.572037,126.991844,10
3411,37.570702,126.994812,10
3412,37.570313,126.994545,15
3413,37.573200,126.997963,15
3414,37.571175,127.002228,10
3415,0,0,15
3416,37.571533,127.015617,15
3417,37.577724,127.015251,12
3418,37.579987,127.015060,10
3419,37.581947,126.997368,15
3420,37.583275,126.998856,10
3421,37.583855,127.001854,10
3422,37.584797,126.997131,20
3423,37.575836,127.000694,20
3425,37.574848,126.968269,15
3426,37.575016,126.957550,10
3427,37.576603,126.956749,13
3428,37.595127,126.963493,10
3429,37.597260,126.963089,15
3430,37.608540,126.957138,10
3431,37.607601,126.957687,10
3432,37.569992,126.988342,15
4702,0,0,5
4710,0,0,8
4711,0,0,10
300,37.568050,126.969231,7
310,37.568878,126.977470,13
311,37.566612,126.977470,35
312,37.564674,126.976738,7
318,37.568527,126.982552,10
320,37.566223,126.983589,20
321,37.565464,126.984138,15
322,37.564476,126.986969,15
324,37.561340,126.980400,10
331,37.566383,126.987206,10
332,37.565990,126.987793,5
336,37.562618,126.992836,10
346,37.569183,127.009880,10
347,37.565331,127.007843,18
370,37.563229,126.974838,26
371,37.558872,127.005539,10
372,37.554295,127.011200,10
373,37.555859,127.013855,8
374,37.560474,127.014076,10
375,37.563717,127.018425,8
378,37.569805,127.016953,10
379,37.556000,126.973358,7
380,37.563866,127.002747,8
381,37.558533,127.006989,10
382,37.555199,127.010048,7
383,37.565849,127.016403,17
384,37.559780,126.968506,10
387,37.566994,127.003464,10
389,37.566730,126.996605,10
390,37.561390,126.995354,10
391,37.565437,126.973305,8
398,37.566559,126.992439,8
399,37.554108,126.965408,15
428,37.564400,126.991432,10
429,37.549889,127.007347,8
430,37.562172,127.006264,8
431,37.570900,127.019524,15
433,37.566345,126.982292,10
434,37.561489,127.023933,10
435,37.556862,126.975616,10
826,37.555367,126.968643,20
441,37.559891,126.970680,15
442,37.553692,126.972160,20
443,37.562111,126.970718,9
444,37.557602,126.972580,20
445,37.560291,126.974548,10
466,37.565842,126.979813,20
467,37.562214,126.980866,16
468,37.564159,126.979485,10
469,37.559231,126.980141,16
470,37.559650,126.979889,20
471,37.560360,126.982651,10
472,37.567871,126.988983,12
473,37.566051,126.997986,20
474,37.566299,127.008492,30
475,37.567650,127.011810,16
476,37.564430,127.009956,10
477,37.559288,127.002686,10
479,37.559376,127.006027,13
480,37.554321,127.010704,8
481,37.567032,127.015793,16
482,37.559940,127.018478,10
483,37.547585,127.006439,16
484,37.555767,126.977188,20
485,37.557404,126.973251,30
3013,0,0,10
4761,0,0,10
4762,0,0,10
4772,0,0,10
4774,0,0,9
4775,0,0,10
4776,0,0,10
4778,0,0,10
4784,0,0,10
4785,0,0,8
4791,0,0,10
800,37.532433,126.954742,15
802,37.541153,127.002213,10
803,37.538139,127.004097,10
805,37.536758,126.970001,9
806,37.533066,126.960732,20
807,37.552277,126.972687,10
808,37.520504,126.989738,10
809,37.530167,127.007439,10
810,37.538410,126.986649,10
811,37.535080,126.985382,20
812,37.534840,126.977661,20
813,37.533512,126.972275,20
815,37.518509,126.978798,20
816,37.530148,126.968483,15
817,37.533451,126.971733,9
818,37.544895,126.969383,15
819,37.541653,126.970505,12
820,37.549026,126.971947,10
822,37.522041,126.965523,10
823,37.542320,126.961960,10
825,37.520336,126.994263,15
827,37.541885,126.979660,20
828,37.544079,126.972000,7
829,37.522930,126.961693,40
830,37.534424,126.948570,10
831,37.534279,126.988564,15
832,37.521282,126.973465,15
834,37.539009,126.961380,15
835,37.541981,126.971542,10
836,37.531422,126.951500,15
837,37.529060,127.006729,10
838,37.544460,126.972389,8
839,37.524010,127.001450,10
840,37.523651,126.970268,10
841,37.529610,126.968872,15
843,37.533798,126.988670,10
844,37.527149,126.955162,11
845,37.532700,126.964378,22
846,37.546638,126.981041,15
847,37.534523,126.977501,15
848,37.535259,126.975052,10
849,37.536079,126.973419,15
850,37.537399,126.968926,15
851,37.540478,126.958115,10
852,37.534527,126.947182,20
853,37.528568,126.965691,10
854,37.538727,127.001549,10
855,37.522724,126.972771,15
857,37.535023,126.998055,15
858,37.534409,126.986893,7
859,37.541885,126.995865,10
860,37.520695,126.970978,15
863,37.521770,126.977005,15
864,37.535141,127.006004,10
865,37.540794,126.997849,15
866,37.551548,126.976860,10
867,37.519909,126.989235,10
868,37.537220,126.965019,12
869,37.517296,126.959145,10
870,37.517319,126.958298,10
4602,0,0,10
4604,0,0,10
4605,0,0,10
4616,0,0,15
4617,0,0,6
4618,0,0,10
4627,0,0,7
3511,37.551250,127.035103,10
3513,37.564610,127.029198,10
3514,37.566261,127.023697,10
3515,37.542816,127.042084,20
3525,37.546089,127.025070,15
3527,37.561790,127.024391,8
3530,37.560146,127.026360,15
3531,37.554779,127.024841,15
3532,37.560680,127.026779,15
3538,37.550892,127.044762,14
506,37.549061,127.057793,7
507,37.548203,127.057114,7
508,37.545166,127.057510,10
509,37.539654,127.052589,20
510,37.541222,127.043800,10
511,37.544582,127.044609,16
512,37.548561,127.045006,15
513,37.546307,127.049805,13
514,37.542580,127.063309,7
518,37.571526,127.035355,20
519,37.566994,127.029915,20
520,37.563858,127.030319,10
521,37.561447,127.034920,14
522,37.548641,127.016426,9
523,37.543663,127.014061,11
524,37.552200,127.025055,10
525,37.558052,127.040352,20
526,37.563511,127.056725,10
529,37.561371,127.063660,15
530,37.568748,127.030403,9
533,37.548149,127.021088,7
534,37.548634,127.025726,20
535,37.553986,127.033592,16
536,37.557350,127.029213,8
537,37.560356,127.041397,10
538,37.567650,127.051155,15
550,37.571640,127.035660,15
556,37.542053,127.020401,20
557,37.567642,127.025696,10
558,37.564606,127.036522,20
559,37.561096,127.036797,10
560,37.551205,127.068932,8
561,37.542816,127.044670,10
562,37.559246,127.073410,10
563,37.547913,127.062752,10
564,37.547928,127.015572,15
565,37.541363,127.017662,20
567,37.544590,127.057083,15
568,37.571102,127.023560,10
569,37.549583,127.030243,10
578,37.548286,127.062088,8
579,37.565205,127.041847,8
581,37.561012,127.054237,10
582,37.543179,127.049080,10
583,37.567970,127.046890,20
583,0,0,5
585,37.536808,127.055489,9
586,37.565941,127.045395,10
587,37.545418,127.052643,10
589,37.544159,127.056656,8
594,37.558365,127.056908,15
3544,37.554539,127.043778,10
3545,37.556580,127.043358,10
3547,37.564381,127.028870,12
3548,37.546959,127.047669,10
3549,37.555141,127.071106,9
3550,37.544041,127.023201,20
3551,37.559799,127.056328,15
3552,37.541958,127.042770,10
3553,37.565979,127.043114,10
3555,37.566818,127.029152,20
3556,37.555313,127.019791,15
3557,37.556530,127.039131,8
3558,37.563396,127.041870,10
3559,37.545910,127.044601,10
3560,37.563709,127.056450,10
3561,37.559269,127.038399,10
3600,0,0,7
4353,0,0,8
4360,0,0,8
4362,0,0,8
3500,37.557587,127.079697,8
3501,37.539501,127.083000,10
3502,37.565659,127.084297,15
3503,37.550488,127.108955,20
3504,37.538052,127.076599,8
3505,37.535221,127.068398,12
3506,37.537014,127.061096,10
3507,37.545952,127.078003,39
3508,37.548222,127.067879,10
3509,37.553417,127.073196,20
3510,37.568649,127.086250,10
3516,37.543705,127.093246,10
3517,37.562527,127.082275,10
3518,37.556862,127.079140,8
3520,37.542519,127.084084,10
3521,37.543427,127.096619,10
3523,37.541718,127.080170,10
3524,37.550236,127.073822,15
3528,37.550598,127.110512,8
3529,37.549789,127.075928,15
3533,37.539139,127.070618,10
3534,37.540138,127.069283,12
3535,37.559158,127.087517,10
3536,37.531811,127.080742,10
3537,37.548489,127.093758,15
3541,37.545040,127.089958,20
3542,37.545040,127.089958,17
500,37.547070,127.074272,10
501,37.537308,127.070351,30
502,37.531860,127.067192,27
505,37.537010,127.082245,10
515,37.530235,127.086830,10
516,37.548405,127.069366,10
539,37.559795,127.074203,10
540,37.556030,127.078644,8
542,37.535465,127.094482,19
543,37.535969,127.094673,20
544,37.540730,127.102905,20
546,37.532478,127.085091,8
548,37.529770,127.074860,20
549,37.551224,127.089706,10
551,37.540062,127.094498,10
552,37.536579,127.092972,10
553,37.571255,127.079803,19
555,37.537849,127.092171,9
571,37.548496,127.074760,20
572,37.565380,127.086510,20
573,37.545231,127.084732,10
574,37.551849,127.088982,40
575,37.564293,127.086937,10
576,37.544830,127.104263,10
577,37.546547,127.106133,10
584,37.547829,127.072632,20
588,37.532688,127.067497,20
590,37.539890,127.073364,20
591,37.542778,127.075371,5
592,37.541912,127.077637,30
593,37.528587,127.077873,5
3543,37.551373,127.074440,15
3563,37.536510,127.091393,5
3564,37.547752,127.095757,20
3566,37.535072,127.076111,10
3569,37.539566,127.072441,10
3570,37.538097,127.089020,10
3571,37.544350,127.065407,15
3573,37.551338,127.076714,15
3575,37.536575,127.082581,6
3578,37.555008,127.085815,9
3579,37.547890,127.067452,20
3581,37.547470,127.073967,15
3582,37.547989,127.069504,14
3586,37.557713,127.077271,8
3587,0,0,15
3588,0,0,10
600,37.589912,127.068680,13
601,37.575947,127.037361,10
602,37.572174,127.071388,10
604,37.569656,127.055962,15
605,37.574200,127.026497,8
606,37.584625,127.070290,14
607,37.602711,127.067863,10
608,37.581310,127.055344,10
609,37.587791,127.037361,20
610,37.573086,127.052162,10
612,37.573666,127.030815,20
613,37.575272,127.023468,10
614,37.577686,127.031013,20
615,37.576382,127.035110,20
616,37.582561,127.054367,20
617,37.574203,127.057693,20
621,37.574718,127.053391,13
622,37.577793,127.057831,15
623,37.583698,127.053856,20
624,37.574188,127.045891,10
625,37.568192,127.057175,14
626,37.561153,127.070969,10
627,37.578632,127.071907,10
628,37.586815,127.067543,15
630,37.574852,127.040306,15
631,37.568184,127.051277,15
633,37.580406,127.044823,8
634,37.596020,127.059830,20
635,37.587517,127.052773,12
636,37.590900,127.042587,9
637,37.591614,127.045792,10
638,37.583008,127.060974,20
639,37.585197,127.060951,14
640,37.582455,127.044495,6
641,37.573753,127.038536,10
642,0,0,9
643,37.566971,127.074417,10
646,37.561867,127.064377,10
647,37.602798,127.067268,10
648,37.566700,127.062424,15
650,37.591534,127.067741,20
652,37.576530,127.065941,20
654,37.577621,127.052109,10
656,37.587238,127.043137,10
657,37.575760,127.048370,13
658,37.572948,127.066147,10
659,37.578350,127.033386,15
660,37.577999,127.037628,10
661,37.594601,127.051964,10
663,37.594891,127.063026,10
664,37.584129,127.057938,10
665,37.599606,127.068642,11
666,37.603622,127.070831,20
667,37.586594,127.046997,7
668,37.568653,127.069183,10
669,37.572048,127.044663,10
670,37.589687,127.061409,9
671,37.577343,127.023377,10
672,37.578590,127.023850,17
673,37.584080,127.031036,10
674,37.586552,127.033142,15
675,37.572025,127.077004,10
676,37.581432,127.035477,9
677,37.580151,127.045799,20
678,37.576557,127.074310,15
679,37.577877,127.061684,10
680,37.592384,127.057411,15
681,37.579838,127.056374,15
4102,0,0,10
4103,0,0,10
4104,0,0,10
4105,0,0,10
4107,0,0,10
4108,0,0,10
4110,0,0,10
4112,0,0,10
4113,0,0,10
4116,0,0,10
4117,0,0,10
4121,0,0,10
4122,0,0,10
4123,0,0,10
1401,37.614738,127.076363,15
1402,37.600071,127.102333,10
1403,37.594250,127.076576,15
1404,37.595299,127.080032,10
1405,37.599098,127.092949,10
1406,37.606251,127.108269,10
1407,37.611511,127.077888,10
1408,37.610722,127.077477,10
1410,37.577782,127.090187,10
1411,37.592541,127.086739,10
1412,37.590961,127.087067,10
1413,37.617561,127.090309,10
1414,37.581646,127.088432,10
1416,37.595219,127.085999,10
1418,37.617989,127.110542,15
1420,37.614231,127.096764,15
1421,37.612461,127.103378,20
1422,37.620098,127.106461,10
1424,37.606312,127.107742,10
1425,37.587460,127.095970,10
1426,37.573589,127.086823,15
1427,37.574299,127.086914,10
1428,37.616024,127.085968,10
1429,37.599957,127.080002,15
1430,37.606152,127.092598,20
1431,37.606499,127.095451,10
1433,37.602077,127.079582,10
1434,37.579868,127.082367,15
1435,37.608681,127.100792,15
1436,37.605881,127.100632,15
1437,37.583420,127.079926,15
1438,37.616169,127.093483,15
1440,37.586372,127.080070,10
1441,37.616711,127.110733,15
1442,37.598591,127.079819,8
1443,37.595520,127.098778,10
1444,37.574028,127.080544,10
1445,37.579941,127.079399,10
1446,37.591301,127.080330,10
1447,37.588902,127.087280,15
1448,37.597321,127.089798,15
1449,37.596558,127.085838,15
1450,37.619625,127.085014,10
1451,37.592758,127.072670,10
1452,37.585655,127.075050,15
1453,37.604603,127.109253,9
1454,37.607349,127.078590,10
1455,37.596329,127.085899,10
1456,37.595112,127.100327,10
1457,37.589760,127.093239,10
1458,37.597340,127.093086,9
1459,37.597340,127.093086,10
1461,37.593853,127.075073,12
1462,37.593868,127.076523,9
1463,37.573887,127.084831,10
1464,37.603054,127.079002,15
1465,37.613148,127.105148,10
1466,37.618824,127.087570,10
1467,37.613621,127.101151,10
1468,37.611477,127.077393,10
1469,37.609821,127.078133,20
1470,37.605202,127.078583,20
1471,37.615353,127.078491,10
1472,37.604084,127.079231,8
1473,37.594891,127.074951,10
1474,37.595814,127.082840,10
1477,37.575985,127.079605,15
1478,37.597885,127.091263,10
1479,37.581055,127.082092,10
1480,37.581112,127.080101,15
1302,37.588764,127.006310,5
1303,37.591694,127.012497,10
1304,37.594402,126.992310,15
1305,37.589329,127.016434,15
1306,37.588448,127.006706,10
1308,37.582592,127.028976,18
1314,37.602440,127.011688,8
1315,37.607761,127.003281,10
1316,37.607262,127.002838,20
1318,37.603085,127.024788,10
1319,37.603043,127.033272,10
1320,37.598270,127.035027,10
1321,37.593288,127.036667,14
1322,37.598068,127.039276,10
1323,37.600433,127.040207,10
1325,37.605808,127.047737,10
1326,37.606068,127.047318,10
1327,37.607342,127.050682,10
1328,37.602627,127.041634,10
1332,37.613556,127.066093,10
1333,37.610523,127.059799,15
1334,37.612999,127.061310,10
1336,37.591251,127.014008,20
1337,37.590382,127.017136,10
1338,37.586899,127.020752,15
1339,37.610569,127.033508,9
1340,37.619560,127.053802,11
1342,37.592617,126.997932,15
1343,37.589249,127.007378,10
1344,37.600288,127.013702,10
1346,37.608978,127.020248,15
1347,37.607105,127.021500,20
1348,37.604752,127.022758,12
1349,37.623829,127.050201,10
1351,37.579449,127.024193,8
1352,37.583881,127.017097,8
1353,37.600830,127.023552,8
1354,37.590714,127.036194,18
1355,37.588699,127.018913,20
1357,37.612072,127.008133,20
1358,37.604790,127.010582,7
1359,37.619801,127.045097,20
1360,37.603096,127.013504,10
1361,37.592842,127.002121,20
1362,37.585098,127.019676,10
1363,37.583752,127.021950,15
1364,37.590172,127.004089,10
1365,37.593361,126.999092,15
1366,37.599720,127.040382,10
1367,37.603512,127.022560,15
1368,37.591480,127.020103,10
1369,37.609131,127.030029,15
1370,37.594540,126.995209,20
1372,37.586445,127.031601,15
1373,37.602291,127.038979,8
1375,37.603909,127.037376,20
1376,37.600239,127.045380,7
1377,37.603958,127.045341,10
1379,37.609360,127.018173,15
1380,37.601086,127.041237,10
1381,37.614784,127.067001,10
1382,0,0,10
1384,37.592827,127.016289,10
1385,37.592365,127.016289,10
1386,37.594158,127.018967,10
1388,37.590881,127.011704,10
1390,37.606461,127.061623,10
1391,37.617073,127.056244,20
1392,37.597099,127.022629,10
1393,37.597778,127.021507,10
1394,37.602417,127.019714,10
1395,37.618179,127.051834,20
1396,37.618443,127.051453,20
1501,37.626080,127.026482,9
1503,37.639278,127.026756,12
1504,37.624157,127.018623,10
1506,37.640327,127.013359,20
1509,37.634377,127.035751,10
1510,37.633717,127.035515,10
1511,37.631123,127.036034,9
1512,37.644737,127.026566,20
1513,37.639648,127.025124,20
1514,37.638805,127.028358,10
1515,37.618286,127.024048,10
1516,37.638706,127.015907,10
1518,37.643085,127.016167,10
1519,37.645451,127.015617,10
1520,37.639862,127.022789,10
1522,37.654472,127.012756,10
1525,37.627140,127.026695,10
1526,37.641739,127.024628,8
1527,37.627335,127.026054,10
1528,37.615036,127.020699,10
1529,37.630180,127.024910,15
1530,37.643551,127.022346,10
1531,37.613956,127.030251,10
1532,37.626354,127.047447,10
1533,37.629917,127.040916,10
1534,37.619637,127.044533,20
1535,37.636292,127.023376,10
1536,37.636261,127.032173,20
1537,37.663666,127.012428,10
1538,37.656158,127.013138,8
1539,37.649673,127.013451,9
1540,37.641670,127.016884,10
1541,37.626530,127.018059,10
1542,37.621552,127.020370,10
1543,37.630188,127.017738,10
1545,37.620380,127.013680,10
1546,37.615459,127.029701,10
1547,37.618641,127.036240,15
1548,37.622688,127.037811,15
1550,37.615223,127.018509,10
1551,37.646862,127.008812,8
1552,37.639202,127.027237,8
1553,37.635204,127.033966,15
1554,37.635391,127.034554,10
1557,37.632381,127.039307,10
1558,37.625526,127.037323,15
1560,37.619808,127.028526,10
1564,37.649597,127.013847,7
1565,37.635612,127.022995,15
1568,37.647934,127.014572,10
1569,37.637970,127.025902,10
1571,0,0,20
1572,0,0,20
1573,0,0,10
1574,0,0,8
3703,0,0,10
3707,0,0,10
3711,0,0,10
3714,0,0,10
1702,37.646172,127.050560,10
1703,37.689720,127.045197,15
1705,37.669224,127.046516,8
1706,37.665665,127.042671,10
1707,37.654461,127.038513,15
1708,37.656830,127.039848,8
1709,37.650127,127.035347,15
1713,0,0,10
1714,37.644630,127.044609,10
1715,37.653179,127.012787,20
1716,37.654202,127.050728,10
1717,37.655708,127.050102,15
1719,37.673283,127.043991,10
1720,37.668671,127.047981,27
1721,37.653015,127.046997,12
1722,37.657799,127.050049,15
1723,37.662079,127.027718,10
1725,37.647503,127.043312,10
1726,37.658588,127.035210,8
1727,37.678677,127.040764,15
1728,37.677666,127.046242,15
1729,37.684010,127.045792,10
1730,37.687592,127.045502,10
1731,37.687500,127.042557,15
1732,37.667599,127.042999,10
1733,37.662979,127.041939,12
1734,37.658150,127.032669,10
1735,37.679119,127.044983,13
1736,37.652241,127.037064,12
1737,37.639702,127.038834,8
1738,37.646309,127.052742,10
1741,37.645199,127.032982,15
1742,37.648891,127.023018,10
1743,37.650391,127.052193,10
1744,37.665272,127.043144,15
1746,37.666233,127.043320,10
1748,37.668983,127.043762,7
1749,37.666271,127.045990,10
1750,37.688267,127.048897,12
1751,37.652123,127.041702,15
1752,37.645481,127.048576,10
1754,37.646896,127.033432,10
1756,37.651447,127.044708,10
1757,37.655685,127.013382,10
1758,37.657280,127.013756,10
1759,37.677219,127.048637,10
1761,37.665623,127.031090,10
1762,37.655338,127.042419,30
1765,37.649670,127.035614,10
1767,37.662510,127.033279,10
1768,37.662052,127.028755,8
1770,0,0,15
1771,37.657967,127.030090,15
1772,37.658051,127.035759,10
1774,37.651348,127.034729,8
1775,37.651287,127.045548,15
4076,0,0,10
1601,37.615299,127.064468,20
1602,37.622662,127.061897,15
1605,37.631622,127.061615,10
1606,37.619171,127.074928,10
1608,37.626614,127.072754,10
1610,37.620369,127.083641,20
1611,37.629940,127.076553,20
1616,37.635109,127.068329,10
1617,37.637150,127.063271,20
1619,37.649021,127.076408,10
1620,37.648209,127.070221,10
1625,37.660000,127.072968,20
1627,37.676941,127.055099,12
1628,37.673618,127.055252,10
1630,37.676250,127.055504,10
1634,37.669079,127.077591,15
1635,37.672710,127.083160,11
1636,37.649212,127.061768,10
1637,37.654701,127.063400,15
1639,37.680313,127.055069,10
1640,37.623863,127.068489,9
1641,37.621555,127.069511,15
1642,37.625435,127.088493,7
1643,37.617367,127.075211,10
1646,37.638489,127.107903,20
1650,37.639580,127.065102,20
1651,37.672375,127.055992,20
1652,37.680000,127.055580,10
1653,37.656200,127.063622,10
1654,37.663792,127.075447,15
1655,37.631111,127.070160,15
1656,37.654999,127.067436,10
1657,37.654049,127.057327,20
1659,37.650330,127.071602,10
1660,37.642071,127.076622,8
1661,37.649639,127.065605,10
1662,37.654114,127.059151,15
1663,37.619381,127.057854,20
1664,37.649361,127.070442,10
1665,37.647335,127.076424,10
1666,37.655781,127.071777,10
1667,37.654499,127.074387,10
1668,37.645508,127.063255,10
1669,37.643757,127.064987,9
1670,37.643410,127.071838,15
1671,37.629349,127.054825,15
1672,37.688599,127.053406,15
1673,37.653976,127.060974,16
1674,37.653549,127.058083,15
1675,37.626942,127.055130,14
1677,37.623165,127.090500,10
1678,37.648438,127.064445,15
1679,37.642830,127.106667,15
1680,37.642654,127.108383,10
1681,37.645802,127.082260,12
1682,37.656799,127.077606,13
1683,37.650459,127.080887,10
1684,37.618320,127.075630,20
1685,37.648190,127.080482,8
1686,37.661140,127.058052,10
1688,37.665661,127.057297,9
1689,37.665249,127.057892,10
1690,37.657730,127.059311,10
1691,37.660709,127.065331,10
1692,37.664188,127.066010,10
1693,37.628189,127.082108,15
1695,37.623417,127.066933,10
1696,37.686451,127.052834,10
1697,37.650249,127.057152,10
1700,37.665215,127.066139,15
2901,37.630001,127.065682,8
2902,37.628620,127.066910,12
2903,37.633259,127.043900,10
2904,37.650505,127.073982,8
2905,37.648163,127.078987,10
2907,37.630749,127.053108,25
2908,37.620003,127.058563,20
2909,37.615459,127.067452,10
2910,37.622093,127.074425,10
2911,37.659233,127.072098,7
2912,37.638191,127.073731,20
2913,37.666996,127.051529,8
2914,37.628925,127.081429,20
2915,37.635109,127.076599,20
2917,37.628071,127.046921,10
2919,37.639996,127.066574,15
2920,37.651035,127.068710,15
2921,37.645489,127.064583,10
900,37.603943,126.927696,20
901,37.600975,126.926956,10
902,37.643108,126.918221,10
903,37.645866,126.927391,20
904,37.648674,126.930702,18
905,37.636234,126.918999,9
906,37.617210,126.919579,10
907,37.599491,126.916862,10
908,37.613186,126.917351,10
909,37.586994,126.922882,10
911,37.605583,126.922935,10
912,37.589661,126.916946,10
913,37.600700,126.920128,15
914,37.590797,126.913651,20
915,37.584381,126.909897,10
916,37.607849,126.921326,7
917,37.601299,126.935349,9
919,37.607948,126.932503,10
921,37.630016,126.919029,10
922,37.617802,126.921967,10
923,37.620949,126.925636,10
924,37.628517,126.929581,15
925,37.609566,126.930977,8
927,37.617855,126.922523,10
928,37.641315,126.938042,15
930,37.601662,126.920303,7
931,37.604736,126.915337,20
932,37.610004,126.916397,10
933,37.612484,126.914879,10
934,37.597141,126.909599,15
937,37.645851,126.923798,15
938,37.644684,126.918457,15
939,37.601700,126.927422,15
941,37.637222,126.933304,11
942,37.644081,126.929283,9
943,37.602402,126.928650,10
945,37.634140,126.932343,10
946,37.618439,126.932884,10
947,37.622669,126.919991,10
948,37.577202,126.902351,10
949,37.619781,126.920807,7
950,37.610779,126.917351,5
952,37.622650,126.925247,10
953,37.625778,126.928818,10
954,37.642609,126.921478,10
956,37.594376,126.918159,9
958,37.600361,126.922813,13
959,37.643661,126.914558,10
960,37.638252,126.919456,15
961,37.610970,126.929810,8
962,37.639259,126.918907,10
963,37.614429,126.932579,13
964,37.616112,126.925041,10
965,37.593479,126.923187,10
966,37.609032,126.934677,10
967,37.608910,126.932419,13
968,37.642090,126.929413,7
969,37.643860,126.931877,9
971,37.602329,126.906548,10
972,37.582180,126.894943,20
973,37.637348,126.935844,10
974,37.626720,126.929016,10
975,37.590363,126.923012,10
976,37.643509,126.924103,10
977,37.633102,126.931503,20
978,37.601009,126.935928,20
979,37.591862,126.906082,10
982,37.604126,126.925087,10
984,37.595810,126.910263,10
985,37.601192,126.926384,10
989,37.591812,126.914833,10
991,37.656769,126.942009,10
992,37.658428,126.946060,10
993,37.630287,126.919563,25
994,37.610718,126.939110,15
995,37.631409,126.925407,15
996,37.598606,126.915405,10
4652,0,0,10
4653,0,0,10
4654,0,0,10
115,37.558933,126.927116,15
116,37.564541,126.927071,5
117,37.591160,126.941330,25
123,37.594330,126.947388,20
128,37.555496,126.936340,20
131,37.584171,126.911102,23
133,37.582031,126.908997,15
134,37.557892,126.938080,8
135,37.559101,126.939178,10
137,37.556812,126.943184,10
138,37.559177,126.934525,10
139,37.559795,126.934479,13
140,37.560009,126.940735,20
141,37.562382,126.932648,20
158,37.571259,126.960480,15
159,37.556953,126.946342,7
160,37.557549,126.959381,20
161,37.582245,126.950645,8
162,37.565269,126.946243,15
163,37.583698,126.924965,7
164,37.574478,126.910049,10
165,37.575138,126.913940,20
166,37.573277,126.919678,20
167,37.579460,126.917130,15
169,37.573002,126.907799,15
170,37.573112,126.922447,10
171,37.564724,126.967278,10
173,37.564777,126.966148,8
175,37.578072,126.930817,20
176,37.581097,126.924026,10
177,37.577675,126.909805,8
178,37.579876,126.906349,10
179,37.569122,126.914795,15
180,37.559967,126.962463,10
188,37.586388,126.935127,10
191,37.578892,126.910736,10
192,37.572227,126.923065,10
194,37.577316,126.902969,10
195,37.567657,126.917809,10
196,37.566120,126.925896,10
198,37.562138,126.963776,15
3100,37.557396,126.952164,8
3101,37.578381,126.936096,15
3102,37.567966,126.931725,10
3103,37.586700,126.946770,8
3104,37.558128,126.956207,13
3105,37.597149,126.938530,12
3106,37.574909,126.926147,12
3107,37.569740,126.933327,7
3109,37.592934,126.941292,15
3110,37.589283,126.936943,15
3111,37.582211,126.950165,10
3112,37.573860,126.958298,9
3113,37.572205,126.959747,25
3114,37.560463,126.965523,12
3115,37.561455,126.955750,20
3116,37.555504,126.937203,10
3117,37.564068,126.945328,10
3119,37.565197,126.929855,10
3120,37.569836,126.918091,12
3121,37.570652,126.912987,15
3122,37.574284,126.906464,30
3123,37.572388,126.915108,30
3124,37.578121,126.921753,20
3125,37.575642,126.927826,15
3126,37.583344,126.922745,10
3127,37.583336,126.936287,10
3128,37.581318,126.935997,7
3129,37.576263,126.911324,20
3130,37.574348,126.918823,20
3131,37.572159,126.921188,15
3132,37.591862,126.944214,20
3133,37.557114,126.948814,18
3134,37.561317,126.966583,10
101,37.549561,126.905754,5
102,37.555649,126.910629,20
103,37.554951,126.910835,14
104,37.550629,126.914986,13
105,37.550007,126.914825,5
106,37.548645,126.912827,10
107,37.557510,126.918503,5
108,37.552746,126.918617,10
109,37.547691,126.919983,10
111,37.547871,126.923531,10
112,37.549202,126.923203,10
113,37.557499,126.923805,0
114,37.557060,126.924423,15
118,37.547733,126.931763,10
119,37.545284,126.931053,10
120,37.545242,126.934113,5
121,37.549767,126.933174,15
122,37.547459,126.938377,10
124,37.551140,126.936989,20
125,37.549484,126.938950,15
126,37.550411,126.943848,20
127,37.553520,126.936951,15
129,37.555054,126.937569,15
130,37.554859,126.936157,10
136,37.556004,126.942299,7
142,37.557201,126.955666,11
143,37.544579,126.950218,9
144,37.543579,126.951324,10
145,37.544250,126.951637,9
146,37.539936,126.945824,12
147,37.539272,126.945915,7
148,37.542347,126.943024,11
150,37.552956,126.934341,15
151,37.555687,126.905548,10
152,37.556610,126.898018,30
153,37.564697,126.912613,10
154,37.560909,126.905495,13
155,37.568550,126.914513,15
156,37.549904,126.955147,10
157,37.553001,126.956688,12
181,37.551342,126.902672,15
182,37.551567,126.902847,10
183,37.565166,126.919395,15
184,37.558949,126.907753,9
185,37.542545,126.934296,15
186,37.563965,126.898209,40
199,37.566845,126.896446,30
400,37.587524,126.883003,15
401,37.586189,126.881615,15
402,37.582855,126.879822,20
403,37.585590,126.884727,20
405,37.582657,126.885788,8
406,37.581314,126.880585,15
407,37.580631,126.883675,8
408,37.580811,126.886650,20
409,37.579399,126.889160,25
410,37.577496,126.887772,10
411,37.577995,126.891472,9
412,37.575802,126.890739,20
413,37.571476,126.889687,9
414,37.578220,126.894470,8
415,37.577469,126.897362,10
416,37.575665,126.894447,12
417,37.575069,126.899918,20
418,37.570721,126.898979,10
419,37.568420,126.899429,21
420,37.566246,126.896179,40
421,37.565903,126.901184,8
422,37.569084,126.894424,13
424,37.573620,126.898048,15
425,37.584503,126.885597,10
426,37.549061,126.954178,10
427,37.569584,126.903816,10
432,37.563339,126.908203,10
436,37.556591,126.946190,10
437,37.548210,126.941383,12
438,37.564720,126.906769,15
439,37.535751,126.944038,10
440,37.570006,126.881149,15
487,37.543640,126.938309,26
489,37.583336,126.883400,10
490,37.582077,126.887665,10
491,37.575977,126.888069,10
492,37.573135,126.901848,10
493,37.556576,126.928856,7
494,37.547245,126.935028,5
495,37.542431,126.946999,10
497,37.551754,126.912300,20
498,37.564651,126.922127,10
3002,37.565044,126.903603,10
3003,37.548805,126.951073,5
3005,37.566246,126.902184,20
3006,37.579910,126.888237,15
3007,37.581947,126.890297,10
3008,37.577114,126.898361,10
3009,37.555840,126.920433,10
3010,37.558296,126.925385,15
3011,37.553429,126.933792,10
4202,37.546040,126.926727,10
4205,0,0,10
4206,0,0,10
4210,0,0,7
700,37.546848,126.872772,20
701,37.532803,126.863930,8
702,37.532543,126.868729,16
703,37.524063,126.875580,12
704,37.523254,126.864906,15
706,37.521881,126.851753,15
707,37.515156,126.854897,10
708,37.518970,126.869965,16
709,37.511585,126.841560,20
710,0,0,10
711,37.517059,126.848488,20
712,37.516998,126.838318,14
713,37.533047,126.829956,20
714,37.532547,126.830803,10
716,37.517281,126.864334,15
719,37.530369,126.864258,10
720,37.516197,126.834900,10
722,37.521435,126.857384,10
723,37.529163,126.872749,15
724,37.510681,126.857399,15
725,37.524334,126.850548,15
726,37.534389,126.869598,15
729,37.510380,126.866798,10
731,37.529900,126.876541,10
732,37.539551,126.828300,10
733,37.514099,126.831001,10
734,37.513950,126.856056,10
735,37.536430,126.871521,10
736,37.522190,126.836700,10
737,37.522560,126.849480,10
739,37.536201,126.827797,15
740,37.536369,126.831711,10
741,37.539520,126.825401,10
742,37.550732,126.864578,10
743,37.508900,126.842682,10
744,37.543842,126.882545,10
745,37.522282,126.839699,10
746,37.536503,126.877747,10
747,37.534580,126.875648,10
748,37.530251,126.879303,15
749,37.537228,126.886612,10
750,37.512157,126.835625,10
752,37.542183,126.863304,10
754,37.541142,126.876678,10
755,37.537868,126.881409,10
756,37.526680,126.876167,10
757,37.514278,126.828743,10
758,37.514721,126.859200,10
759,37.524071,126.838600,9
760,37.506821,126.844299,10
762,37.524551,126.877052,10
763,37.510658,126.859161,10
764,37.531029,126.875893,30
765,37.524776,126.875481,10
766,37.544260,126.883250,15
767,37.505745,126.836311,10
768,37.535919,126.882446,15
769,37.527855,126.874672,20
770,37.525715,126.864868,10
771,37.527706,126.870064,8
773,37.546707,126.874573,10
774,37.549507,126.867218,11
775,37.538376,126.863831,10
776,37.538742,126.885681,15
777,37.530128,126.834778,10
779,37.518845,126.853684,10
780,37.516907,126.877586,15
781,37.517593,126.876556,10
782,37.511673,126.832741,20
785,37.517326,126.866303,15
786,37.520439,126.868401,9
787,37.507904,126.862648,10
788,37.512379,126.865555,15
790,37.527607,126.848755,40
791,37.524780,126.869835,15
792,37.525372,126.870926,20
793,37.533550,126.878143,15
794,37.516842,126.862953,10
795,37.515419,126.863800,10
796,37.514664,126.871941,10
797,37.515156,126.872490,10
1101,37.581612,126.798599,10
1102,37.573643,126.811806,10
1103,37.577221,126.812195,10
1105,37.581623,126.812653,10
1106,37.573032,126.816452,10
1108,37.563560,126.810150,9
1109,37.563347,126.810486,6
1110,37.562683,126.816238,10
1111,37.566982,126.821800,15
1112,37.568577,126.824776,15
1113,37.573093,126.822899,15
1114,37.572781,126.826279,15
1115,37.551666,126.864090,10
1117,37.558197,126.844261,10
1118,37.557461,126.861458,10
1119,37.554253,126.867561,6
1120,37.565189,126.853996,25
1121,37.559479,126.864380,15
1122,37.561932,126.863869,10
1124,37.557968,126.838287,11
1125,37.552914,126.836571,10
1126,37.548908,126.836563,7
1127,37.540981,126.838547,10
1128,37.541412,126.840225,10
1129,37.542099,126.840218,10
1130,37.542751,126.842621,7
1131,37.546444,126.845459,8
1132,37.551109,126.863708,10
1135,37.546532,126.862549,10
1136,37.544788,126.862000,10
1137,37.541431,126.863220,10
1139,37.536991,126.863365,8
1140,37.531399,126.863609,15
1141,37.529060,126.848480,10
1145,37.528919,126.848083,10
1146,37.530338,126.838257,10
1148,37.541470,126.844780,10
1149,37.567284,126.818275,13
1150,37.561550,126.810478,10
1151,37.560234,126.823471,25
1152,37.558666,126.826614,10
1153,37.558910,126.838097,10
1155,37.569260,126.848419,10
1157,37.550659,126.849770,8
1158,37.561035,126.854813,20
1159,37.565853,126.846596,20
1160,37.567680,126.840897,20
1161,37.549694,126.819664,10
1162,37.562679,126.820473,10
1163,37.570499,126.820084,10
1165,37.568447,126.821648,20
1166,37.562569,126.842461,10
1167,37.553467,126.825928,15
1168,37.560226,126.819069,10
1169,37.547199,126.874489,8
1170,37.549179,126.868797,11
1171,37.550049,126.873161,8
1172,37.561249,126.860580,8
1173,37.556259,126.853317,15
1174,37.556599,126.851471,9
1175,37.554379,126.857536,15
1177,37.550110,126.823677,10
1178,37.572472,126.806168,10
1180,37.557468,126.829720,15
1181,37.551044,126.818497,10
1182,37.556877,126.848808,20
1183,37.548321,126.853401,10
1184,37.556450,126.815979,15
1185,37.562901,126.849472,10
1186,37.554729,126.816093,10
1187,37.553020,126.818367,15
1188,37.571381,126.828339,8
1190,37.560501,126.826653,10
1191,37.560242,126.827164,9
1192,37.555538,126.826759,10
1193,37.559471,126.832077,15
1194,37.563301,126.836823,10
1195,37.564129,126.834312,20
1196,37.568241,126.835831,15
1197,37.560242,126.835808,20
1198,37.562550,126.827438,20
1199,37.547821,126.836128,13
1200,37.578449,126.798973,10
2701,37.565201,126.827316,15
2702,37.569180,126.819443,20
2703,37.547485,126.872025,20
2704,37.558334,126.854065,10
2706,37.576317,126.816498,13
2707,37.570370,126.844414,13
2708,37.564682,126.848908,15
2709,37.564587,126.856918,20
2710,37.570728,126.841568,30
2711,37.537361,126.837448,9
2712,37.538338,126.842392,10
2713,37.548534,126.846672,13
2714,37.553173,126.831238,10
2715,37.566883,126.827683,25
2716,37.569176,126.828217,30
2717,37.561337,126.833901,30
2718,37.554993,126.831894,15
2719,37.561371,126.830124,20
2720,37.559589,126.829781,30
2721,37.563145,126.839562,12
2722,37.560604,126.838730,20
2723,37.560894,126.836693,13
2724,37.568665,126.838799,25
2725,37.569294,126.836197,20
2727,37.564087,126.830849,20
2728,37.565804,126.828079,30
2729,37.569485,126.828095,30
2730,37.559128,126.834953,30
2731,37.554951,126.834732,14
2732,37.555145,126.829453,15
2733,37.558540,126.820107,15
2735,37.562294,126.823952,30
2737,37.531693,126.846588,10
2739,37.553585,126.828568,10
2740,37.572720,126.832069,30
2741,37.550617,126.826881,8
2742,37.559402,126.850441,10
2743,0,0,11
2744,0,0,20
2745,0,0,9
2746,0,0,10
3753,0,0,10
3756,0,0,10
3760,0,0,10
3761,0,0,10
3763,0,0,10
3765,0,0,10
3766,0,0,10
3792,0,0,10
3767,0,0,10
3772,0,0,10
3775,0,0,10
3776,0,0,10
3778,0,0,10
3779,0,0,10
3780,0,0,10
3781,0,0,20
3782,0,0,10
3784,0,0,10
3794,0,0,8
3786,0,0,10
3787,0,0,15
3788,0,0,15
3789,0,0,15
3795,0,0,8
3796,0,0,10
3797,0,0,10
3798,0,0,11
3769,0,0,10
1901,37.507332,126.879730,10
1904,37.514240,126.882874,10
1906,37.509720,126.890099,20
1907,37.489632,126.876259,12
1908,37.495285,126.872162,10
1910,37.497505,126.884377,5
1911,37.484940,126.901321,10
1912,37.488800,126.890663,10
1913,37.491032,126.892151,10
1914,37.494404,126.894447,10
1916,37.494141,126.889984,10
1920,37.504379,126.888298,10
1924,37.478741,126.895096,10
1925,37.499889,126.867699,20
1928,37.499470,126.868401,10
1929,37.505135,126.852760,10
1930,37.497684,126.853729,7
1931,37.494995,126.858253,10
1933,37.501583,126.846870,10
1936,37.494282,126.859215,10
1937,37.486061,126.852013,15
1941,37.493938,126.844055,10
1943,37.492790,126.824524,10
1946,37.503117,126.880386,10
1951,37.480289,126.839500,20
1952,37.482105,126.845726,15
1953,37.486385,126.839211,20
1955,37.482883,126.901039,10
1956,37.510010,126.882050,10
1957,37.493401,126.874329,15
1958,37.495781,126.890121,10
1959,37.496456,126.889587,10
1960,37.502850,126.889481,10
1961,37.508194,126.891304,15
1962,37.481602,126.892799,15
1964,37.497890,126.864502,10
1965,37.497231,126.859192,15
1966,37.496498,126.863098,10
1967,37.505138,126.844337,10
1968,37.498482,126.847504,12
1969,37.501904,126.828964,10
1971,37.490723,126.826393,10
1973,37.488598,126.836494,10
1974,37.505180,126.882538,10
1975,37.492580,126.894737,10
1976,37.485680,126.886703,10
1977,37.486210,126.838821,15
1979,37.492031,126.873772,10
1981,37.479431,126.842697,10
1983,37.502548,126.883881,10
1984,37.495266,126.888474,10
1985,37.498516,126.891991,20
1986,37.484859,126.895187,15
1987,37.490341,126.860931,15
1988,37.506050,126.860786,20
1991,37.496761,126.844963,10
1992,37.491798,126.832420,19
1993,37.489380,126.834198,10
1994,37.496998,126.871780,10
1996,37.495399,126.871010,20
1998,37.498569,126.871521,8
1999,37.495258,126.830658,15
2000,37.512329,126.886833,15
2801,37.484371,126.895424,30
2804,37.477375,126.820015,20
2805,37.482510,126.825760,20
2806,37.482597,126.826454,20
2807,37.480629,126.821816,20
2808,37.480808,126.821907,20
2809,37.477905,126.823113,20
2810,37.477940,126.823273,20
2812,37.479832,126.822754,18
2813,37.479370,126.825470,10
2814,37.479343,126.825638,10
2817,37.479897,126.840370,15
2818,37.482239,126.838532,20
2819,37.483665,126.841614,15
2820,37.493965,126.853043,10
2821,37.501190,126.863533,10
2822,37.504520,126.870552,20
2823,37.499813,126.874313,10
2824,37.510063,126.889565,10
2825,37.495453,126.880394,10
2826,37.488647,126.880470,10
2815,37.476013,126.816460,20
2816,37.474731,126.817009,20
3902,0,0,10
3903,0,0,10
3904,0,0,10
3905,0,0,10
3906,0,0,8
1804,37.466530,126.888718,10
1805,37.482288,126.877769,10
1806,37.486214,126.878639,10
1808,37.473209,126.884941,20
1809,37.470779,126.885155,10
1812,37.479031,126.887299,10
1814,37.474220,126.894127,8
1816,37.446861,126.903831,20
1819,37.456478,126.895927,10
1820,37.443340,126.903358,10
1821,37.451458,126.902115,10
1822,37.452991,126.900909,10
1823,37.458912,126.898590,20
1824,37.464550,126.883728,15
1825,37.454700,126.891052,10
1826,37.456841,126.888344,20
1827,37.455849,126.893143,20
1828,37.475319,126.898888,10
1829,37.469139,126.897202,10
1830,37.470230,126.895073,15
1831,37.472500,126.897957,10
1833,37.466541,126.890282,10
1834,37.479084,126.879044,15
1835,37.477070,126.884430,10
1836,37.467403,126.908142,7
1839,37.477058,126.885185,20
1840,37.475101,126.888069,20
1841,37.476952,126.891869,10
1842,37.462574,126.906860,15
1843,37.477097,126.911133,10
1845,37.460289,126.892189,15
1846,37.460171,126.896042,15
1847,37.461033,126.887100,10
1848,37.476276,126.885391,10
1849,37.481354,126.886940,10
1850,37.480160,126.886368,10
1851,37.481232,126.881485,10
1852,37.451771,126.913399,10
1853,37.472481,126.895866,10
1854,37.478180,126.897408,10
1855,37.451321,126.897621,10
1856,37.478409,126.907372,10
1857,37.460560,126.887093,15
1858,37.437271,126.902687,10
1859,37.467999,126.886841,20
1861,37.436981,126.903297,10
1862,37.461346,126.897583,30
1863,37.460537,126.898605,14
1864,37.456520,126.899551,15
1865,37.456333,126.896454,10
1866,37.457779,126.889427,20
1867,37.480888,126.883804,20
1868,37.447853,126.902885,15
1869,37.459019,126.896713,15
1870,37.475071,126.903359,8
200,37.528416,126.913918,20
201,37.531239,126.921333,15
202,37.528816,126.924530,30
203,37.528057,126.918701,15
204,37.528164,126.917023,13
205,37.526264,126.920509,20
206,37.524666,126.918022,35
207,37.526989,126.932098,40
209,37.524612,126.927834,12
210,37.526066,126.925537,22
211,37.522228,126.924637,13
212,37.521362,126.923462,35
213,37.521908,126.918953,15
214,37.523022,126.920837,20
215,37.524837,126.934906,10
217,37.522079,126.930367,10
218,37.523277,126.929237,20
219,37.520695,126.925835,12
220,37.519363,126.926048,30
221,37.522675,126.937790,10
222,37.519436,126.937599,12
223,37.519314,126.933167,20
224,37.520088,126.932365,20
225,37.517368,126.929253,26
226,37.517765,126.928413,20
227,37.544666,126.888359,10
228,37.538460,126.894508,10
229,37.535873,126.892181,20
230,37.524635,126.896217,10
231,37.524506,126.891823,10
232,37.525650,126.887817,20
233,37.528488,126.891647,10
234,37.500462,126.905846,10
235,37.504566,126.910233,10
236,37.516155,126.894615,10
238,37.526386,126.902756,10
239,37.525852,126.903282,20
240,37.518738,126.895576,10
241,37.505329,126.898483,10
242,37.510933,126.910225,15
243,37.527084,126.891380,15
244,37.530079,126.905708,20
245,37.528263,126.896629,10
247,37.533688,126.902107,15
248,37.531055,126.924210,10
249,37.524120,126.936546,8
250,37.507641,126.923080,10
251,37.504494,126.921951,10
252,37.499828,126.919945,10
253,37.500648,126.909515,10
254,37.503803,126.903419,10
255,37.506573,126.901131,10
256,37.509476,126.899300,10
257,37.513844,126.919357,10
258,37.517693,126.914299,14
259,37.513592,126.925934,17
260,37.533680,126.912086,15
262,37.519928,126.889183,12
263,37.517151,126.888626,12
264,37.521931,126.891617,15
265,37.521133,126.896538,15
266,37.520294,126.901192,10
267,37.535961,126.898300,10
268,37.534718,126.900002,6
270,37.522343,126.927101,10
271,37.518963,126.921616,10
272,37.535339,126.903679,20
274,37.516651,126.907990,10
275,37.522816,126.885651,10
276,37.518284,126.912636,10
277,37.520119,126.905167,10
278,37.507931,126.895233,10
279,37.513229,126.904465,15
280,37.532101,126.894440,10
281,37.498241,126.893982,8
282,37.487530,126.904877,10
283,37.522518,126.907219,15
284,37.518211,126.902229,12
285,37.499859,126.897240,8
286,37.494572,126.899750,8
287,37.525768,126.905739,10
288,37.528099,126.893387,10
289,37.499809,126.898003,10
290,37.531509,126.897827,12
291,37.513851,126.898880,14
292,37.510120,126.904068,10
293,37.529171,126.907578,15
295,37.514824,126.911881,10
296,37.526302,126.905380,15
297,37.528637,126.912674,20
298,37.527508,126.914299,20
299,37.531792,126.922455,10
3201,37.530735,126.899170,9
3202,37.528690,126.903862,15
3203,37.506115,126.898590,10
3204,37.511242,126.898186,10
3205,37.520466,126.884819,10
3206,37.517071,126.899086,15
3207,37.522526,126.889969,15
3211,37.504383,126.908089,20
3212,37.500172,126.911308,10
3214,37.512024,126.901054,10
3215,37.529743,126.907829,15
3219,37.514874,126.907585,10
3220,37.500137,126.913979,20
3221,37.519333,126.895302,10
4556,0,0,10
4557,0,0,10
2002,37.512844,126.952469,18
2003,37.513359,126.948059,10
2007,37.512939,126.934242,20
2008,37.509369,126.928070,10
2009,37.500076,126.921082,10
2012,37.488361,126.906227,10
2013,37.505852,126.939362,30
2015,37.499855,126.929565,10
2016,37.499645,126.927094,10
2020,37.504498,126.938988,10
2024,37.502178,126.948204,10
2025,37.509380,126.963615,15
2026,37.508587,126.963493,10
2027,37.507042,126.959152,15
2032,37.485508,126.981621,10
2033,37.481491,126.981583,10
2034,37.476891,126.980576,20
2036,37.494705,126.982391,20
2037,37.503189,126.977150,20
2038,37.503181,126.976089,10
2040,37.506359,126.969078,10
2041,37.486835,126.968048,10
2048,37.489087,126.973580,10
2050,37.513248,126.939972,10
2054,37.510548,126.944847,10
2056,37.494499,126.916527,10
2057,37.500881,126.941750,10
2058,37.513523,126.943527,10
2059,37.497078,126.917793,10
2060,37.484631,126.971550,10
2061,37.505928,126.969231,10
2062,37.486652,126.967842,10
2063,37.512901,126.926613,15
2064,37.505356,126.966179,10
2065,37.511990,126.927086,15
2066,37.489399,126.907112,10
2067,37.497669,126.919868,10
2068,37.488159,126.966476,12
2069,37.496601,126.953682,7
2070,37.513920,126.943069,12
2071,37.488869,126.971909,10
237,37.496513,126.914803,20
2076,37.513577,126.955551,18
2077,37.511936,126.954163,10
2078,37.510838,126.961632,20
2079,37.506672,126.957779,25
2080,37.512135,126.925438,15
2081,37.513062,126.929512,15
2082,37.485615,126.981979,10
2083,37.504704,126.960732,15
2084,37.504562,126.946785,25
2085,37.502743,126.921578,20
2086,37.487412,126.974739,22
2088,37.500248,126.949730,10
2089,37.479107,126.981506,10
2090,37.483780,126.977921,15
2091,37.484135,126.977882,15
2092,37.503113,126.964714,15
2093,37.503212,126.954598,12
2094,37.495506,126.956375,30
2095,37.491501,126.982407,10
2096,37.502838,126.940338,13
2102,37.484230,126.926392,20
2103,37.489178,126.919273,10
2104,37.476089,126.981331,13
2105,37.480251,126.914604,12
2106,37.473728,126.918404,12
2107,37.475471,126.936455,25
2108,37.483341,126.943199,20
2109,37.486225,126.935829,15
2110,37.483192,126.902031,9
2111,37.480869,126.953316,10
2112,37.481339,126.950645,15
2113,37.484661,126.903900,10
2115,37.479916,126.902840,15
2116,37.481705,126.950829,9
2119,37.484257,126.954697,10
2122,37.478058,126.960495,20
2127,37.464886,126.919479,10
2128,37.479164,126.952583,12
2129,37.469055,126.958145,10
2130,37.471989,126.958427,15
2135,37.484409,126.928909,9
2136,37.484577,126.929916,8
2137,37.484901,126.936531,10
2139,37.471165,126.937019,10
2140,37.478428,126.931862,12
2141,37.472294,126.933411,12
2143,37.470695,126.942200,10
2144,37.477776,126.916756,15
2145,37.486359,126.942924,12
2148,37.477028,126.963394,10
2156,37.480721,126.909325,12
2159,37.475090,126.959229,10
2164,37.484768,126.932877,8
2165,37.476482,126.965363,10
2167,37.476295,126.964958,12
2169,37.482189,126.942131,7
2170,37.481529,126.912033,10
2171,37.481548,126.952003,17
2172,37.469406,126.944511,20
2173,37.489750,126.927467,10
2174,37.488564,126.928482,10
2175,37.487301,126.928703,10
2176,37.488991,126.916382,15
2177,37.487129,126.913017,19
2178,37.466820,126.948807,15
2179,37.482189,126.946159,7
2183,37.471828,126.933922,20
2184,37.489491,126.945923,10
2185,37.470467,126.938652,10
2186,37.478821,126.959610,15
2187,37.486736,126.947517,15
2189,37.482754,126.941406,15
2190,37.483688,126.939156,12
2191,37.470688,126.936485,10
2195,37.484646,126.934509,15
2196,37.483311,126.939026,10
2198,37.479465,126.956932,10
2199,37.478771,126.958695,8
2200,37.468567,126.946755,20
3304,37.477753,126.962364,15
3305,37.476776,126.964867,10
3306,37.462147,126.931778,10
3307,37.491226,126.956078,15
3310,37.476627,126.943642,15
3311,37.481220,126.951576,12
3802,0,0,8
2201,37.453281,127.051483,20
2202,37.448936,127.054375,20
2203,37.447659,127.055016,20
2205,37.453751,127.059380,15
2206,37.454357,127.062103,20
2207,37.454407,127.064926,9
2210,37.505096,127.013107,15
2211,37.502636,127.012314,10
2212,37.500961,127.017929,20
2213,37.502232,127.002258,20
2214,37.504116,126.997490,15
2215,37.501713,126.995476,10
2217,37.513046,127.005959,20
2219,37.506199,127.003944,20
2220,37.500614,126.986160,10
2221,37.485611,126.994682,15
2222,37.478069,126.982033,10
2223,37.472610,126.983009,20
2225,37.473759,126.995247,15
2226,37.475182,127.001389,15
2227,37.489052,126.992523,15
2228,37.489586,126.986725,20
2229,37.487011,126.984962,10
2230,37.485828,126.982628,20
2231,37.496914,127.024963,15
2233,37.491112,127.022957,20
2235,37.482159,127.002701,15
2237,37.484558,127.014870,20
2239,37.494217,127.013786,10
2241,37.485378,127.041702,11
2242,37.483990,127.034180,20
2243,37.481491,127.036728,15
2244,37.477852,127.038910,20
2245,37.473614,127.030510,20
2246,37.469200,127.029007,15
2247,37.462639,127.026619,25
2248,37.459953,127.024742,10
2249,37.456234,127.019348,10
2250,37.455799,127.016289,10
2251,37.467506,127.034477,10
2252,37.463322,127.036041,25
2255,37.470440,127.038857,25
2256,37.467690,127.040359,10
2257,37.462688,127.046112,10
2258,37.471539,127.050591,20
2259,37.512989,127.011177,15
2262,37.516598,127.009590,20
2263,37.471928,127.026840,20
2264,37.488556,126.982574,9
2265,37.494743,126.983063,10
2266,37.490540,127.008163,15
2268,37.502319,127.022270,10
2269,37.510349,127.016052,10
2270,37.448967,127.057739,10
2271,37.487865,126.994293,8
2272,37.487309,127.010582,10
2273,37.477829,127.038269,10
2274,37.469650,127.039612,10
2275,37.461578,127.048798,10
2276,37.474388,127.038902,15
2277,37.514870,127.015282,10
2279,37.493618,127.014183,10
2280,37.484161,127.010971,10
2281,37.475979,126.986282,7
2282,37.477203,127.005836,15
2283,37.486526,126.989166,10
2284,37.468102,126.986801,10
2285,37.457424,127.022652,15
2286,37.458549,127.055885,10
2287,37.455620,127.067101,10
2288,37.455608,127.064453,10
2289,37.464298,126.988525,10
2292,37.488243,127.027016,15
2293,37.484798,127.036995,10
2294,37.475906,127.046242,15
2297,37.485672,127.015923,10
2298,37.502411,127.021606,12
2299,37.486469,127.028061,12
2501,37.450661,127.057060,10
2502,37.491951,127.008553,9
2503,37.503811,127.021362,10
2504,37.515881,127.019302,10
2505,37.493259,127.029533,12
2506,37.479092,126.990677,10
2508,37.482979,127.042259,10
2509,37.498371,126.992462,16
2510,37.483040,127.021461,8
2511,37.483662,126.982323,10
2514,37.503643,127.016022,10
2515,37.498928,127.024727,15
2516,37.454418,127.052742,10
2517,37.487160,127.024376,20
2518,37.487484,127.025147,20
2519,37.491009,127.023521,15
2520,37.496193,127.021011,20
2521,37.495564,127.019180,13
2523,37.510193,127.007256,10
2524,37.507351,127.008019,10
2525,37.505608,127.002159,15
2526,37.504787,126.999924,10
2527,37.502674,126.993698,10
2528,37.493771,126.990067,10
2529,37.489918,126.992081,12
2530,37.497795,126.987068,15
2531,37.494205,126.989357,10
2532,37.478203,127.008781,10
2533,37.481098,127.014061,10
2534,37.455631,127.080978,10
2535,37.503624,126.997322,15
2536,37.459248,127.041634,20
2537,37.482571,127.036438,10
2538,37.520267,127.015251,10
2539,37.464897,127.044182,10
2540,37.498455,126.996643,10
2541,37.430977,127.070335,15
2542,37.505089,127.023911,10
2543,37.491264,126.982956,10
2545,37.497688,127.002388,18
2547,0,0,10
2548,0,0,10
2549,0,0,10
2550,0,0,10
2301,37.524071,127.021790,10
2302,37.505581,127.024277,10
2303,37.511517,127.021477,15
2304,37.512527,127.035835,10
2305,37.520641,127.034508,10
2306,37.527122,127.028717,30
2307,37.528614,127.038559,10
2308,37.529301,127.035599,14
2309,37.518902,127.049385,10
2310,37.523613,127.040176,10
2311,37.517773,127.043022,10
2312,37.520580,127.056328,10
2313,37.525116,127.052467,10
2314,37.521275,127.061035,10
2315,37.514248,127.061119,10
2316,37.509575,127.063408,20
2317,37.515888,127.066200,10
2318,37.513577,127.055031,15
2319,37.506607,127.054680,10
2320,37.491928,127.056969,10
2321,37.496117,127.069443,10
2322,37.508091,127.063103,15
2323,37.502213,127.067207,10
2324,37.500439,127.066223,10
2325,37.498650,127.059319,10
2326,37.502396,127.058800,10
2327,37.490551,127.031464,15
2328,37.503586,127.042641,10
2329,37.502357,127.043190,10
2330,37.492199,127.039459,10
2331,37.498051,127.044601,20
2332,37.504208,127.048965,15
2333,37.485157,127.034073,15
2334,37.493759,127.045898,15
2335,37.486767,127.046761,10
2336,37.494236,127.047462,10
2337,37.492077,127.071976,15
2339,37.483261,127.052299,10
2340,37.477509,127.045174,15
2341,37.483311,127.084938,10
2342,37.494007,127.079514,10
2343,37.465317,127.107727,10
2344,37.465061,127.101196,10
2347,37.518639,127.035400,15
2348,37.507233,127.056854,20
2349,37.501545,127.038567,10
2350,37.494823,127.047905,10
2351,37.483879,127.089027,15
2352,37.517590,127.035027,10
2353,37.516811,127.040474,10
2354,37.519787,127.056763,5
2355,37.509121,127.062309,25
2356,37.518070,127.047119,10
2357,37.501949,127.042770,15
2358,37.481384,127.053917,10
2359,37.475605,127.050377,10
2360,37.492809,127.041389,15
2361,37.526844,127.028259,10
2362,37.517635,127.022453,10
2363,37.519180,127.027466,15
2364,37.521240,127.031898,10
2365,37.523300,127.038475,15
2368,37.489342,127.041298,10
2369,37.505428,127.052872,20
2370,37.496552,127.054298,20
2371,37.514748,127.035133,10
2372,37.494499,127.063797,10
2373,37.489277,127.065575,20
2375,37.487350,127.100998,10
2376,37.486778,127.100517,20
2377,37.486835,127.102753,10
2380,37.511696,127.049347,15
2381,37.506367,127.034523,8
2382,37.501343,127.050468,11
2383,37.466328,127.094887,10
2384,37.476028,127.105942,10
2385,37.513950,127.030151,10
2386,37.509586,127.040909,10
2387,37.472454,127.096077,10
2388,37.516785,127.051613,10
2389,37.486160,127.067238,15
2390,37.480881,127.063042,10
2391,37.475986,127.059624,10
2392,37.474579,127.055450,15
2393,37.472000,127.051338,10
2394,37.479092,127.055397,10
2395,37.479290,127.055733,10
2396,37.485741,127.051048,15
2398,37.508110,127.039452,10
2401,37.486561,127.082672,15
2403,37.488720,127.074539,15
2404,37.491810,127.073158,10
2405,37.518711,127.050850,20
2406,37.517570,127.023643,10
2407,37.498470,127.030113,10
2408,37.477341,127.113274,14
2409,37.492062,127.030746,20
2410,37.499599,127.033752,10
2411,37.472969,127.112228,15
2412,37.491791,127.088211,15
2413,37.490959,127.054985,20
2414,37.488972,127.051827,20
2415,37.496674,127.053429,15
2416,37.495899,127.052193,10
2417,37.507999,127.045250,10
2418,37.513935,127.059822,10
2419,37.514309,127.059700,20
2420,37.496895,127.070137,20
2421,37.504673,127.025795,15
2422,37.484169,127.094849,10
2423,37.490837,127.080650,10
2425,37.464619,127.106850,20
2426,37.468296,127.104698,10
2427,37.484852,127.058373,10
2428,37.482368,127.061188,10
2429,37.527454,127.040428,10
2430,37.500244,127.036057,10
2431,37.494118,127.062904,10
1201,37.493179,127.118546,10
1203,37.493729,127.120621,20
1204,37.493343,127.144730,10
1205,37.510429,127.071373,15
1206,37.511280,127.078239,20
1207,37.499756,127.152504,10
1208,37.529675,127.119789,20
1209,37.520451,127.104202,20
1210,37.513126,127.100960,30
1211,37.512104,127.107780,7
1212,37.499413,127.112869,10
1213,37.507660,127.132736,20
1214,37.502594,127.127647,10
1215,37.516571,127.131538,15
1217,37.479305,127.129799,15
1218,37.508968,127.125839,12
1220,37.505692,127.084038,15
1221,37.504200,127.087532,10
1222,37.511982,127.085052,15
1224,37.512169,127.078934,15
1226,37.520077,127.112366,10
1227,37.493126,127.143822,10
1228,37.497700,127.146202,10
1229,37.490688,127.143127,15
1230,37.495670,127.130592,10
1231,37.514088,127.099030,10
1232,37.512089,127.096191,10
1233,37.510509,127.093369,9
1235,37.508339,127.088142,14
1239,37.480843,127.118011,20
1240,37.480576,127.118568,10
1241,37.481239,127.119797,15
1242,37.482090,127.119743,15
1243,37.484531,127.120163,20
1244,37.481537,127.122124,7
1245,37.479465,127.125328,10
1246,37.477509,127.126328,30
1247,37.478821,127.123512,15
1248,37.513962,127.121674,20
1249,37.505463,127.077347,10
1250,37.489872,127.110840,10
1251,37.505932,127.107750,10
1253,37.501652,127.128181,10
1256,37.491131,127.125809,8
1257,37.492100,127.117752,20
1258,37.493198,127.128998,10
1259,37.508984,127.126595,15
1260,37.506302,127.121399,8
1262,37.505802,127.109718,10
1263,37.480541,127.137016,10
1264,37.538582,127.122803,8
1265,37.486149,127.124802,10
1266,37.478809,127.120003,10
1267,0,0,15
1268,0,0,15
1269,37.511944,127.091217,10
1271,37.499985,127.135391,15
1274,37.532848,127.121048,20
1275,37.504589,127.139366,15
1277,37.503757,127.137093,8
1278,37.515831,127.106796,10
1279,37.497517,127.154678,10
1280,37.495659,127.157173,20
1282,37.499874,127.141479,10
1283,37.505455,127.131752,8
1285,37.477470,127.144592,15
1286,37.474377,127.140671,10
1287,37.477531,127.141518,8
1288,37.487999,127.131088,15
1289,37.531471,127.111092,10
1290,37.474659,127.137718,10
1291,37.521938,127.131866,10
1293,37.506561,127.096558,10
1295,37.513962,127.100304,20
1296,37.508678,127.103432,10
1297,37.509201,127.104118,10
1299,37.519878,127.136711,15
1300,37.506939,127.139221,15
2601,37.506748,127.098831,10
2603,37.480801,127.130341,10
2604,37.531311,127.111282,10
2605,37.471298,127.127090,15
2606,37.481739,127.143227,10
2607,37.470650,127.127113,15
2608,37.514359,127.106194,15
2609,37.520489,127.135201,10
2610,37.510441,127.106377,10
2611,37.536331,127.116180,7
2612,37.489071,127.109299,10
2613,37.516781,127.090492,18
2614,37.501862,127.117233,15
2615,37.488350,127.120781,15
2616,37.496078,127.140106,10
2617,37.496181,127.138031,15
2618,37.504711,127.087563,14
2619,37.502338,127.096443,9
2620,37.509979,127.112312,15
2621,37.516659,127.116257,15
2622,37.516258,127.130592,20
2623,37.503624,127.103554,15
2625,37.495876,127.108505,15
2626,37.495430,127.123108,15
2627,37.491123,127.135109,15
2628,37.486698,127.122444,15
2629,37.485218,127.115402,15
2630,37.507866,127.116989,12
2631,37.497414,127.096306,15
2632,37.502644,127.097397,9
2633,37.478130,127.147217,20
2634,37.477211,127.137177,15
2635,37.511295,127.086739,15
2637,37.511463,127.078812,15
2638,37.526814,127.118149,8
2639,37.505505,127.106575,18
2641,37.497726,127.107033,10
2642,37.501495,127.147781,12
2643,37.525291,127.112473,10
2644,37.501984,127.138046,10
2645,37.515049,127.081612,10
2646,37.507759,127.091293,15
2647,37.511570,127.101074,15
2648,37.494698,127.104645,30
2649,37.505444,127.132332,10
2650,37.478550,127.138138,11
2651,37.495773,127.124580,20
2652,37.508831,127.134262,20
2653,37.511498,127.129120,20
2654,37.509975,127.133698,10
2655,37.500580,127.118843,20
2656,37.524525,127.114510,10
2657,37.478825,127.132668,10
2658,0,0,10
2659,0,0,10
1001,37.541805,127.124718,14
1002,37.545219,127.125916,10
1003,37.543915,127.125458,20
1004,37.553349,127.128860,10
1006,37.554920,127.142799,15
1007,37.559517,127.130844,16
1008,37.549549,127.127151,10
1009,37.538658,127.124214,20
1010,37.534481,127.138344,20
1011,37.534771,127.135239,20
1012,37.536026,127.122726,15
1013,37.530773,127.120926,15
1014,37.550800,127.142624,15
1015,37.550079,127.146912,13
1016,37.559399,127.171158,10
1017,37.535473,127.145172,20
1018,37.524681,127.135406,20
1019,37.526825,127.130028,10
1020,37.528290,127.126801,15
1021,37.564301,127.173950,15
1022,37.533764,127.138031,20
1023,37.549999,127.174690,15
1024,37.529251,127.123108,10
1025,37.546841,127.172516,10
1026,37.546631,127.155884,14
1027,37.535999,127.147697,20
1028,37.533100,127.122780,10
1029,37.536541,127.125397,10
1030,37.527061,127.122070,15
1031,37.555851,127.129898,15
1032,37.556728,127.136208,20
1033,37.557991,127.144707,10
1034,37.561909,127.150749,15
1035,37.555016,127.155273,20
1036,37.551998,127.153297,10
1037,37.562588,127.177612,10
1038,37.568668,127.174797,10
1039,37.561279,127.167801,7
1041,37.559196,127.153297,10
1042,37.568562,127.177002,10
1044,37.545399,127.142601,15
1047,37.536381,127.137253,10
1048,37.531013,127.142365,10
1049,37.561180,127.180267,10
1050,37.526695,127.135529,15
1051,37.554829,127.137321,15
1052,37.556469,127.156822,10
1053,37.562538,127.164528,8
1054,37.560009,127.169579,10
1056,37.563332,127.179092,10
1057,37.555790,127.173813,15
1058,37.553471,127.165001,12
1059,37.538181,127.131752,15
1060,37.544659,127.132637,8
1061,37.546928,127.134621,10
1062,37.551079,127.162621,15
3539,37.563820,127.132843,10
1063,37.556664,127.142738,15
1064,37.527794,127.147644,15
1065,37.531208,127.149269,20
1066,37.537766,127.152016,20
1067,37.549053,127.156403,20
1068,37.553650,127.156227,20
1069,37.553055,127.156883,15
1070,37.555702,127.157921,10
1071,37.555687,127.159912,15
1072,37.554863,127.153725,10
1073,37.541145,127.141052,10
1074,37.546837,127.149162,15
1075,37.541363,127.137184,10
1076,37.539894,127.141037,10
1077,37.536205,127.132561,15
1078,37.521976,127.133621,20
1079,37.561844,127.170845,15
1080,37.536831,127.128418,10
1081,37.536999,127.129532,20
1082,37.529560,127.149010,13
1083,37.560368,127.156593,15
1084,37.523930,127.129128,15
1085,37.554569,127.145874,20
1086,37.550598,127.145454,10
1088,37.528122,127.119522,12
1089,37.560600,127.146698,10
1090,37.556789,127.166145,10